Cédula;N;Nombres y Apellidos;Sexo;Cambio de titular;Titular secundario;Cédula Tit. Secundario;Situación cambio de titular;Comunidad;Modelo;Departamento;Distrito;Localidad;Teléfono;Vivienda_Latitud;Vivienda_Longitud;Superficie (Ha.);Situación_superficie;Plantado;Parcela_Latitud;Parcela_Longitud;Grupo Implementación;Grupo de Pago;Jornales;Monto;ETAPA FAO;Estado del participante;Empresa;Lote;Monitorear Cocinas Eficientes;Fecha de Monitoreo FAO;% de prendimiento observado al momento del monitoreo;Estado FAO;Etapa de implementación FAO;Fecha visita Empresa;Cumple superficie mínima;Estado monitoreo;Situación encontrada al momento del monitoreo;Observación de gabinete;Dias transcurridos;Prioridad
6013244;1;MARIA ESTER TABOADA VEGA;Mujer;NO;NO;NO;NO;Campesina;Modelo 4;CAAZAPA;TAVAÍ;SAN ROQUE;0983611156;-26.1859214;-55.5017098;0.7;Parámetro;Si;-26.23486469;-55.52577546;G2;A-P4-XX-XX-XX;0;0;Mantenimiento Año 1.1;Activo;Red Forestal Paraguay SA;A;No;-;-;Monitorear;Mantenimiento Año 1.1;2026-09-24 12:31:04;Si;-;-;-;10.47842592591769;ALTA
5475910;2;NIÑO MARCIAL TORRES GONZALEZ;Hombre;NO;NO;NO;NO;Campesina;Modelo 4;CAAZAPA;TAVAÍ;CASTOR KUE;0976422241;-26.2242171;-55.5015942;0.7;Parámetro;Si;-26.22522822;-55.49773913;G2;A-P4-XX-XX-XX;0;0;Mantenimiento Año 1.1;Activo;Red Forestal Paraguay SA;A;No;-;-;Monitorear;Mantenimiento Año 1.1;2026-09-24 12:27:34;Si;-;-;-;10.480856481481169;ALTA
2652114;3;MARGARITA ANGELICA SAUCEDO DE DUARTE;Mujer;NO;NO;NO;NO;Campesina;Modelo 1;CAAZAPA;TAVAÍ;ENRAMADITA;0982129251;-26.1696756;-55.6785914;0.8;Parámetro;Si;-26.2547934;-55.5996404;G2;A-GN-XX-XX-XX;0;0;Plantación;Activo;Red Forestal Paraguay SA;A;No;-;-;Monitorear;Plantación;2026-09-23 20:00:53;-;-;-;-;11.166053240740439;ALTA
7601265;4;SANDRA BENITEZ GIMENEZ;Mujer;NO;NO;NO;NO;Campesina;Modelo 1;CAAZAPA;TAVAÍ;KAAZAPA MI;0985264283;-26.2604583;-55.5893445;0.8;Parámetro;Si;-26.2581421345;-55.588549279;G2;A-GN-XX-XX-XX;0;0;Plantación;Activo;Red Forestal Paraguay SA;A;No;2025-11-26 12:10:08.757000;80;Monitorear Reposicion ;Plantación;2026-09-22 15:34:16;SI;No cumple;"El diseño no se ajusta a las especificaciones del modelo.; Distanciamiento entre líneas y/o especies requiere ajuste; Cantidad de plantines inferior a la requerida; Distanciamiento entre líneas y/o especies requiere ajuste.; Preparación efectiva de suelo con rastra pesada de 28"" requiere ajuste";-;12.351203703707142;ALTA
4284783;5;VIDALIA VERA VAZQUEZ;Mujer;NO;NO;NO;NO;Campesina;Modelo 4;CAAZAPA;TAVAÍ;ÑU PYAHU;0991302088;-26.2105199;-55.4628362;0.7;Parámetro;Si;-26.20873388;-55.45644889;G2;A-P4-XX-XX-XX;0;0;Mantenimiento Año 1.1;Activo;Red Forestal Paraguay SA;A;No;-;-;Monitorear;Mantenimiento Año 1.1;2026-09-28 13:41:30;Si;-;-;-;6.429513888891961;ALTA
7512520;6;YOLANDA ARAPAYU ROTELA;Mujer;NO;NO;NO;NO;Campesina;Modelo 3;CAAZAPA;TAVAÍ;ÑU PYAHU;0982504933;-26.2245515;-55.4398997;1.0;Parámetro;Si;-26.2279193;-55.43467634;G2;A-P4-XX-XX-XX;0;0;Mantenimiento Año 1.1;Activo;Red Forestal Paraguay SA;A;No;-;-;Monitorear;Mantenimiento Año 1.1;2026-09-28 13:13:49;Si;-;-;-;6.448738425926422;ALTA
3751220;7;FELICIA ARCE SOTELO;Mujer;NO;NO;NO;NO;Campesina;Modelo 4;CAAZAPA;TAVAÍ;MARIA NUEVA ESPERANZA;0982621617;-26.262208;-55.4161969;0.7;Parámetro;Si;-26.25730058;-55.41366091;G2;A-P5-XX-XX-XX;0;0;Mantenimiento Año 1.1;Activo;Red Forestal Paraguay SA;A;No;-;-;Monitorear;Mantenimiento Año 1.1;2026-09-28 12:42:04;Si;-;-;-;6.470787037040282;ALTA
4506163;8;STELA MARIS ALMADA PALACIOS;Mujer;NO;NO;NO;NO;Campesina;Modelo 5;CAAZAPA;TAVAÍ;GUASU CUA;0984759831;-26.3010397;-55.7178473;0.7;Parámetro;Si;-26.30920872;-55.70847027;G2;A-P5-XX-XX-XX;0;0;Mantenimiento Año 1.1;Activo;Red Forestal Paraguay SA;A;No;-;-;Monitorear;Mantenimiento Año 1.1;2026-09-14 14:56:58;Si;-;-;-;20.37710648147913;ALTA
6774312;9;DELROSARIA BENITEZ FERNANDEZ;Mujer;NO;NO;NO;NO;Indígena;Modelo 4;CAAZAPA;TAVAÍ;COM INDIG TUNA ARROYO GUASU;ND;-26.1079833;-55.4566433;0.7;Parámetro;Si;-26.10869943;-55.45623984;G2;A-P5-XX-XX-XX;0;0;Mantenimiento Año 1.1;Activo;Red Forestal Paraguay SA;A;No;-;-;Monitorear;Mantenimiento Año 1.1;2026-10-01 11:40:25;Si;-;-;-;3.513599537036498;ALTA
7498613;10;RONALDO VILLALBA AQUINO;Hombre;NO;NO;NO;NO;Indígena;Modelo 5;CAAZAPA;TAVAÍ;COM INDIG JUKERI TUNA'I;ND;-26.3218886;-55.6384143;0.7;Parámetro;Si;-26.3180022;-55.6374997;G2;A-GN-XX-XX-XX;0;0;Plantación;Activo;Red Forestal Paraguay SA;A;No;-;-;Monitorear;Plantación;2026-09-18 02:41:22;-;-;-;-;16.887939814812853;ALTA
6766791;11;SONIA BRITEZ CABRAL;Mujer;NO;NO;NO;NO;Indígena;Modelo 5;CAAZAPA;TAVAÍ;COM INDIG JUKERI TUNA'I;ND;-26.3211478;-55.636656;0.7;Parámetro;Si;-26.3188386;-55.6369306;G2;A-GN-XX-XX-XX;0;0;Plantación;Activo;Red Forestal Paraguay SA;A;No;-;-;Monitorear;Plantación;2026-09-18 02:41:26;-;-;-;-;16.887893518520286;ALTA
3724636;12;HERIBERTO FERNANDEZ GONZALEZ;Hombre;NO;NO;NO;NO;Indígena;Modelo 1;CAAZAPA;TAVAÍ;COM INDIG KA'AGUY PA'U;0984417395;-26.3122844;-55.7256358;0.8;Parámetro;Si;-26.31480796;-55.7216429;G2;A-P5-XX-XX-XX;0;0;Mantenimiento Año 1.1;Activo;Red Forestal Paraguay SA;A;No;-;-;Monitorear;Mantenimiento Año 1.1;2026-09-16 11:36:26;Si;-;-;-;18.516365740739275;ALTA
3768421;13;MIRTA VARGAS VAZQUEZ;Mujer;NO;NO;NO;NO;Indígena;Modelo 1;CAAZAPA;TAVAÍ;COM INDIG KA'AGUY PA'U;0984417395;-26.3123332;-55.7255202;0.8;Parámetro;Si;-26.31568419;-55.72135585;G2;A-P5-XX-XX-XX;0;0;Mantenimiento Año 1.1;Activo;Red Forestal Paraguay SA;A;No;-;-;Monitorear;Mantenimiento Año 1.1;2026-09-16 11:36:27;Si;-;-;-;18.51635416666977;ALTA
4983789;14;GRACIELA BENITEZ CACERES;Mujer;NO;NO;NO;NO;Indígena;Modelo 5;CAAZAPA;TAVAÍ;COM INDIG KA'AMINDY  ;0984643510;-26.3141078;-55.7218732;0.7;Parámetro;Si;-26.31561115;-55.72268635;G2;A-P5-XX-XX-XX;0;0;Mantenimiento Año 1.1;Activo;Red Forestal Paraguay SA;A;No;-;-;Monitorear;Mantenimiento Año 1.1;2026-09-16 11:36:36;Si;-;-;-;18.516250000000582;ALTA
5797738;15;ROSALBA FERNANDEZ GONZALEZ;Mujer;NO;NO;NO;NO;Indígena;Modelo 1;CAAZAPA;TAVAÍ;COM INDIG KA'AMINDY  ;0982451170;-26.3147513;-55.7226916;0.8;Parámetro;Si;-26.31429791;-55.7226411;G2;A-P5-XX-XX-XX;0;0;Mantenimiento Año 1.1;Activo;Red Forestal Paraguay SA;A;No;-;-;Monitorear;Mantenimiento Año 1.1;2026-09-16 11:36:31;Si;-;-;-;18.51630787036993;ALTA
5471651;16;ANTONIO GUAYUAN PAIVA;Hombre;NO;NO;NO;NO;Campesina;Modelo 5;CAAZAPA;TAVAÍ;GUASU CUA;0981008806;-26.2991889;-55.7372671;0.7;Parámetro;Si;-26.29992067;-55.73768039;G2;A-P5-XX-XX-XX;0;0;Mantenimiento Año 1.1;Activo;Red Forestal Paraguay SA;A;No;-;-;Monitorear;Mantenimiento Año 1.1;2026-09-14 20:07:48;Si;-;-;-;20.16124999999738;ALTA
5747101;17;MARCO ANTONIO ORTIZ FERREIRA;Hombre;NO;NO;NO;NO;Campesina;Modelo 5;CAAZAPA;TAVAÍ;GUASU CUA;0985211892;-26.3035292;-55.7310858;0.7;Parámetro;Si;-26.29950664;-55.73851346;G2;A-P5-XX-XX-XX;0;0;Mantenimiento Año 1.1;Activo;Red Forestal Paraguay SA;A;No;-;-;Monitorear;Mantenimiento Año 1.1;2026-09-14 20:07:39;Si;-;-;-;20.16135416666657;ALTA
6778663;18;ROSANA  BENITEZ FERNANDEZ;Mujer;NO;NO;NO;NO;Indígena;Modelo 4;CAAZAPA;TAVAÍ;COM INDIG TUNA ARROYO GUASU;0;-26.1083533;-55.4569567;0.7;Parametro;Si;-26.10937761;-55.45660621;G2;A-P5-XX-XX-XX;0;0;Mantenimiento Año 1.1;Activo;Red Forestal Paraguay SA;A;No;-;-;Monitorear;Mantenimiento Año 1.1;2026-10-01 11:50:53;Si;-;-;-;3.5063310185214505;ALTA
7370222;19;ZUNILDA  CARVALLO BENITEZ;Mujer;NO;NO;NO;NO;Indígena;Modelo 5;CAAZAPA;TAVAÍ;COM INDIG KA'AMINDY;0;-26.312725;-55.72458;0.7;Parametro;Si;-26.3147989;-55.72343594;G2;A-P5-XX-XX-XX;0;0;Mantenimiento Año 1.1;Activo;Red Forestal Paraguay SA;A;No;-;-;Monitorear;Mantenimiento Año 1.1;2026-09-16 11:36:33;Si;-;-;-;18.51628472221637;ALTA
7290509;20;DOMINICA AQUINO NUÑEZ;Mujer;NO;NO;NO;NO;Indígena;Modelo 3;CAAZAPA;TAVAÍ;COM INDIG KOKUERE GUASU;0984282663;-26.0628705;-55.5242345;1.0;Parámetro;Si;-26.06099896;-55.52460024;G2;A-P4-XX-XX-XX;0;0;Mantenimiento Año 1.1;Activo;Red Forestal Paraguay SA;A;No;-;-;Monitorear;Mantenimiento Año 1.1;2026-09-22 17:10:20;Si;-;-;-;12.284490740741603;ALTA
